ClusterID;StructNum;ClosestID;ClosestEne;ClosestAptaMat;ClosestBp;ClosestMfeDist;ClosestProb;ClosestDistFromCenter;LowestID;LowestEne;LowestAptaMat;LowestBp;LowestMfeDist;LowestProb;CenterStruct;CommonSubstruct
1;1157;3434;-5,133;0,00;14;18;0,000034;0,000000;179;-6,767;0,00;14;14;0,000534;.....|||..||.......||..|||.............|||..||.|||........|||||.|||.|...|...;.....(((..((.......))..))).............(((..((.(((........))))).))).(...)...
2;7722;29;-7,457;0,00;16;13;0,001711;0,250000;4;-8,089;0,00;14;10;0,004970;.....|||.|||........||||||............||......||||||....||||||.....||...||..;.....(((.(((........))))))....................((((((....)))))).....((...))..
3;5082;1127;-5,816;0,00;17;19;0,000107;0,342997;17;-7,651;0,00;17;13;0,002374;.....|||..||.......|||.||.|||....|||..||......||||||....||||||..............;.....(((..((.......)))..).(((....)))...)......((((((....))))))..............
4;3971;33;-7,436;0,00;16;5;0,001651;0,000000;32;-7,436;0,00;16;2;0,001651;.....|||.|||........||||||.............|||..||.|||||....|||||||.|||.........;.....(((.(((........)))))).............(((..((.(((((....))))))).))).........
5;1923;1;-8,392;0,00;15;0;0,008287;0,000000;1;-8,392;0,00;15;0;0,008287;.....|||.|||........||||||.............|||....||||||....||||||..|||.........;.....(((.(((........)))))).............(((....((((((....))))))..))).........
6;3028;63;-7,193;0,00;13;27;0,001096;0,196116;57;-7,242;0,00;12;25;0,001190;.....|||.|||.......|||||||............||....||.......||.||....||.||.........;.....(((.(((........))))))............((....)).......((.((....)).)).........
7;4746;74;-7,108;0,00;12;10;0,000950;0,000000;20;-7,621;0,00;12;6;0,002256;.....|||..|||......|||.|||....................||||||....||||||..............;.....(((..(((......))).)))....................((((((....))))))..............
8;881;245;-6,571;0,00;11;8;0,000383;0,000000;67;-7,159;0,00;12;6;0,001035;.....|||...............|||.............|||....|||||......|||||..|||.........;.....(((...............))).............(((....(((((......)))))..))).........
9;2698;144;-6,841;0,00;14;11;0,000606;0,188982;3;-8,311;0,00;14;7;0,007235;.....|||..||.......||..|||.............|||....|||||......|||||..|||.|.......;.....(((..((.......))..))).............(((....(((((......)))))..))).........
10;3611;24;-7,510;0,00;16;2;0,001872;0,000000;24;-7,510;0,00;16;2;0,001872;.....|||.|||........||||||.............|||....||||||....||||||..|||.|...|...;.....(((.(((........)))))).............(((....((((((....))))))..))).(...)...
11;3248;62;-7,202;0,00;12;26;0,001112;0,204124;14;-7,714;0,00;12;22;0,002642;.....|||..||.......|||.|||..............||....||.....||.||....||.||.........;.....(((..((........)).)))..............((....)).....((.((....)).)).........
12;4195;2;-8,343;0,00;16;2;0,007631;0,000000;2;-8,343;0,00;16;2;0,007631;.....|||.||||......|||||||.............|||....||||||....||||||..|||.........;.....(((.((((......))))))).............(((....((((((....))))))..))).........
